id,seed,is_success,reason,object_error,steps,sim_time,time_to_success,object_path_length
1,960623,True,success,0.0062709488095403255,49,2.4319999999999538,2.4319999999999538,0.10478423732174627
2,960624,True,success,0.007247092912313138,93,4.619999999999713,4.619999999999713,0.22998100455049178
3,960625,True,success,0.010914864521791154,63,3.111999999999879,3.111999999999879,0.17163534782313927
4,960626,True,success,0.007948169875262171,41,2.0439999999999965,2.0439999999999965,0.08438798549940109
5,960627,True,success,0.005807987403239505,41,2.0259999999999985,2.0259999999999985,0.07002666763647032
6,960628,True,success,0.0028074379696479647,65,3.237999999999865,3.237999999999865,0.16953482671367598
7,960629,True,success,0.012956868461401472,41,2.021999999999999,2.021999999999999,0.06674364853946695
8,960630,True,success,0.013006765638211572,61,3.0139999999998897,3.0139999999998897,0.12062844066622337
9,960631,True,success,0.01633441763211361,58,2.883999999999904,2.883999999999904,0.13606661597065522
10,960632,True,success,0.017471327046441415,60,2.973999999999894,2.973999999999894,0.14341559115575445
11,960633,True,success,0.011440314295885929,60,2.9679999999998947,2.9679999999998947,0.14200404089859747
12,960634,True,success,0.003550889741991702,43,2.1259999999999875,2.1259999999999875,0.0725959599169378
13,960635,False,high_contact,0.06371719215086212,22,1.0760000000000007,,3.092002171339498e-05
14,960636,True,success,0.01472653721100319,45,2.2079999999999784,2.2079999999999784,0.09980992744574818
15,960637,True,success,0.010354272572684939,61,3.0059999999998905,3.0059999999998905,0.17366173100631088
16,960638,True,success,0.008070541500212431,53,2.6179999999999333,2.6179999999999333,0.11681112111341019
17,960639,True,success,0.010664189531504142,59,2.9159999999999004,2.9159999999999004,0.15318567151907175
18,960640,True,success,0.008055108153049018,43,2.131999999999987,2.131999999999987,0.0926724307092418
19,960641,True,success,0.009900250339262295,91,4.525999999999724,4.525999999999724,0.1981069566996384
20,960642,True,success,0.014433527244988717,57,2.82999999999991,2.82999999999991,0.12146080706814476
21,960643,True,success,0.014376910553528697,51,2.5259999999999434,2.5259999999999434,0.13559858705391867
22,960644,True,success,0.007030217189166305,56,2.7699999999999165,2.7699999999999165,0.1309230860260166
23,960645,True,success,0.0007385286919399344,50,2.4719999999999493,2.4719999999999493,0.0861125152762309
24,960646,True,success,0.006398023185325244,61,3.001999999999891,3.001999999999891,0.15670447146706792
25,960647,True,success,0.009723336584660845,55,2.73799999999992,2.73799999999992,0.15687019400403374
26,960648,True,success,0.00830156998213254,57,2.8059999999999126,2.8059999999999126,0.13958841949715792
27,960649,True,success,0.019024314028121915,47,2.329999999999965,2.329999999999965,0.0525946650215025
28,960650,True,success,0.007556608300929209,53,2.6179999999999333,2.6179999999999333,0.11359709473446908
29,960651,True,success,0.00665813001423891,65,3.2239999999998665,3.2239999999998665,0.152350743724862
30,960652,True,success,0.005993914928104198,38,1.8640000000000014,1.8640000000000014,0.06499704162031936
31,960653,True,success,0.00581175742338466,40,1.9920000000000015,1.9920000000000015,0.06252000468957351
32,960654,True,success,0.005473261050309246,40,1.9800000000000015,1.9800000000000015,0.05733698794484239
33,960655,True,success,0.005343800400870644,44,2.19199999999998,2.19199999999998,0.0944618878610087
34,960656,True,success,0.006706657979921359,51,2.501999999999946,2.501999999999946,0.1051511974597953
35,960657,True,success,0.016531278586234092,57,2.803999999999913,2.803999999999913,0.08182464955324861
36,960658,True,success,0.005726877147504091,58,2.873999999999905,2.873999999999905,0.14632962245313366
37,960659,True,success,0.018629721621479235,48,2.37599999999996,2.37599999999996,0.09253644217851782
38,960660,True,success,0.002453600006368418,48,2.3619999999999615,2.3619999999999615,0.11055038747218299
39,960661,True,success,0.0051443455448036725,43,2.119999999999988,2.119999999999988,0.07631784795854485
40,960662,True,success,0.010181934149881586,47,2.309999999999967,2.309999999999967,0.1100609334920318
41,960663,True,success,0.009411914078015804,60,2.9679999999998947,2.9679999999998947,0.15424690445288577
42,960664,True,success,0.0115327037002718,61,3.0339999999998875,3.0339999999998875,0.12875552076416033
43,960665,True,success,0.01391003656189969,104,5.155999999999654,5.155999999999654,0.1639348051867964
44,960666,True,success,0.004864249614946049,41,2.047999999999996,2.047999999999996,0.08535723095049191
45,960667,True,success,0.01191328892943565,39,1.9120000000000015,1.9120000000000015,0.06193210190044547
46,960668,True,success,0.005525066631682777,56,2.7999999999999132,2.7999999999999132,0.13002396744685926
47,960669,True,success,0.0025856098981767647,60,2.975999999999894,2.975999999999894,0.16348935326354957
48,960670,True,success,0.00790710533883029,50,2.493999999999947,2.493999999999947,0.10872172996427791
49,960671,True,success,0.00815287651709908,46,2.2699999999999716,2.2699999999999716,0.0987783911222632
50,960672,True,success,0.014290572587098307,61,3.0159999999998894,3.0159999999998894,0.13743089888287335
51,960673,False,high_contact,0.09748827758794383,23,1.1080000000000008,,4.505711253546469e-05
52,960674,True,success,0.013855419704079015,58,2.8899999999999033,2.8899999999999033,0.05613028382113166
53,960675,True,success,0.01910989107849943,73,3.6239999999998225,3.6239999999998225,0.16743883336069942
54,960676,True,success,0.010309431027319856,51,2.503999999999946,2.503999999999946,0.12280086477148776
55,960677,True,success,0.007226577233529144,56,2.7519999999999185,2.7519999999999185,0.12358152267943674
56,960678,True,success,0.008414619207738562,42,2.0639999999999943,2.0639999999999943,0.08137856916489698
57,960679,True,success,0.008474465405036727,39,1.9020000000000015,1.9020000000000015,0.0704925299097795
58,960680,True,success,0.004044461002292532,59,2.937999999999898,2.937999999999898,0.1355110779189479
59,960681,True,success,0.018035285690430124,45,2.2239999999999767,2.2239999999999767,0.08346864428309025
60,960682,True,success,0.006808046554122698,46,2.2639999999999723,2.2639999999999723,0.10802084489987546
61,960683,False,high_contact,0.1232541564434237,22,1.0660000000000007,,3.0861968999467e-05
62,960684,True,success,0.014652198162010258,56,2.755999999999918,2.755999999999918,0.14816078508877706
63,960685,False,timeout,0.2822610502749212,500,24.999999999997023,,0.4543525664648353
64,960686,True,success,0.010412406396742445,54,2.6799999999999264,2.6799999999999264,0.1267668503071727
65,960687,True,success,0.009960970680531676,44,2.1799999999999815,2.1799999999999815,0.0892773456977919
66,960688,True,success,0.015368150023127565,70,3.4859999999998377,3.4859999999998377,0.18905503366637738
67,960689,True,success,0.017540954811169077,43,2.147999999999985,2.147999999999985,0.08424121999400498
68,960690,True,success,0.005102874887950056,44,2.155999999999984,2.155999999999984,0.06947464671068657
69,960691,True,success,0.006581335779261887,53,2.6339999999999315,2.6339999999999315,0.12310869635610908
70,960692,True,success,0.01006281866565434,97,4.8259999999996905,4.8259999999996905,0.1150558849358867
71,960693,True,success,0.010110166916076661,53,2.6319999999999317,2.6319999999999317,0.1255507724322058
72,960694,True,success,0.008495376684340611,91,4.539999999999722,4.539999999999722,0.19305330698762252
73,960695,True,success,0.01094413717023848,55,2.73999999999992,2.73999999999992,0.14344369858022418
74,960696,True,success,0.0063912188050948395,49,2.403999999999957,2.403999999999957,0.09549938621581654
75,960697,True,success,0.010956154695984644,58,2.8599999999999066,2.8599999999999066,0.09163234456241814
76,960698,True,success,0.007191902526402844,43,2.1259999999999875,2.1259999999999875,0.09806547361492193
77,960699,True,success,0.005572416283309049,53,2.6059999999999346,2.6059999999999346,0.1220098024697049
78,960700,False,high_contact,0.08358901578640034,22,1.0820000000000007,,2.4764277099775128e-05
79,960701,True,success,0.006886792900500201,40,1.9620000000000015,1.9620000000000015,0.06694096418358718
80,960702,True,success,0.013735892246886783,74,3.6699999999998174,3.6699999999998174,0.17597776649947636
81,960703,True,success,0.019291786564110878,45,2.211999999999978,2.211999999999978,0.06682644646002406
82,960704,True,success,0.004526188292627461,41,2.049999999999996,2.049999999999996,0.07021448632340174
83,960705,True,success,0.011507211657054971,50,2.491999999999947,2.491999999999947,0.09218413361646782
84,960706,True,success,0.010265753632205686,64,3.163999999999873,3.163999999999873,0.15611542208677084
85,960707,True,success,0.014707281669483601,49,2.4239999999999546,2.4239999999999546,0.11824130013014698
86,960708,True,success,0.009832281501978582,65,3.2159999999998674,3.2159999999998674,0.15491807030460641
87,960709,True,success,0.0025555551117995754,64,3.173999999999872,3.173999999999872,0.18778187649492917
88,960710,True,success,0.011526962720667678,50,2.473999999999949,2.473999999999949,0.12290325216398061
89,960711,True,success,0.018487593458560398,45,2.249999999999974,2.249999999999974,0.0820064284412009
90,960712,True,success,0.009920966049592958,48,2.3619999999999615,2.3619999999999615,0.08632463498573967
91,960713,True,success,0.002576469783347864,72,3.55599999999983,3.55599999999983,0.09428743729779551
92,960714,True,success,0.009402610970501334,41,2.0060000000000007,2.0060000000000007,0.07136437475228222
93,960715,True,success,0.007400605738281962,58,2.8859999999999038,2.8859999999999038,0.14459029896756467
94,960716,True,success,0.014572603980620621,71,3.5399999999998317,3.5399999999998317,0.18863819821788125
95,960717,True,success,0.01511943953201397,45,2.2059999999999786,2.2059999999999786,0.05312332110214845
96,960718,True,success,0.004262905295677944,49,2.439999999999953,2.439999999999953,0.11411776384130438
97,960719,True,success,0.0024401885370533894,46,2.257999999999973,2.257999999999973,0.11325282197497422
98,960720,True,success,0.0017570501306600837,44,2.185999999999981,2.185999999999981,0.1036366388204957
99,960721,True,success,0.003768052818413771,57,2.845999999999908,2.845999999999908,0.13317527516987784
100,960722,True,success,0.0047450568280447995,54,2.6519999999999295,2.6519999999999295,0.11345494528559723
101,960723,True,success,0.01316111833625469,58,2.857999999999907,2.857999999999907,0.11734630362662464
102,960724,True,success,0.003237664852563868,68,3.3799999999998493,3.3799999999998493,0.1801229081013632
103,960725,True,success,0.013367569761366698,57,2.847999999999908,2.847999999999908,0.0761875064742825
104,960726,True,success,0.006408949178417405,56,2.7599999999999176,2.7599999999999176,0.13738598971570465
105,960727,True,success,0.004209494741451013,45,2.209999999999978,2.209999999999978,0.07806810310649542
106,960728,True,success,0.013249912899458446,92,4.575999999999718,4.575999999999718,0.12437858908802026
107,960729,True,success,0.014919579575655238,55,2.747999999999919,2.747999999999919,0.12623242623581218
108,960730,True,success,0.009109836392794843,52,2.5539999999999403,2.5539999999999403,0.09866956170493078
109,960731,True,success,0.0014001758173375063,43,2.137999999999986,2.137999999999986,0.08182855052535722
110,960732,True,success,0.019558515430137913,76,3.7959999999998035,3.7959999999998035,0.10573989423332804
111,960733,True,success,0.009719378460275986,59,2.945999999999897,2.945999999999897,0.13871590482239168
112,960734,True,success,0.008671599885035868,51,2.521999999999944,2.521999999999944,0.10783639743254317
113,960735,True,success,0.013100523553430362,50,2.4519999999999516,2.4519999999999516,0.09309495177407623
114,960736,True,success,0.008001345401273875,39,1.9320000000000015,1.9320000000000015,0.06649351456724667
115,960737,True,success,0.003701145756545203,74,3.6759999999998167,3.6759999999998167,0.15732435605443645
116,960738,True,success,0.017117514489021556,51,2.5419999999999416,2.5419999999999416,0.09458872431692372
117,960739,True,success,0.006015043197793553,58,2.8899999999999033,2.8899999999999033,0.145393326446804
118,960740,True,success,0.01694283442433111,63,3.119999999999878,3.119999999999878,0.07241349802191338
119,960741,True,success,0.005901734347455669,47,2.349999999999963,2.349999999999963,0.1051360743854754
120,960742,True,success,0.009307983289156408,39,1.9200000000000015,1.9200000000000015,0.06310867190289526
121,960743,True,success,0.010970407442682913,44,2.1899999999999804,2.1899999999999804,0.07607968767947193
122,960744,True,success,0.008651618610796769,48,2.3619999999999615,2.3619999999999615,0.09933059397986972
123,960745,True,success,0.005681806068889851,45,2.2359999999999753,2.2359999999999753,0.08258621607652555
124,960746,True,success,0.009929724277048156,63,3.1219999999998778,3.1219999999998778,0.1523208398837993
125,960747,True,success,0.013009111976791133,62,3.09999999999988,3.09999999999988,0.16117562358271317
126,960748,True,success,0.0072229873879692185,51,2.537999999999942,2.537999999999942,0.128614800558
127,960749,True,success,0.005006848802072268,46,2.275999999999971,2.275999999999971,0.09617866838822219
128,960750,True,success,0.01304372029149185,53,2.6439999999999304,2.6439999999999304,0.14523161061635936
129,960751,True,success,0.014778684706190138,72,3.5859999999998267,3.5859999999998267,0.09950347794386645
130,960752,True,success,0.014534275581596834,51,2.529999999999943,2.529999999999943,0.05562536862364227
131,960753,True,success,0.008552072570561191,45,2.237999999999975,2.237999999999975,0.08371498371795333
132,960754,True,success,0.005656244779681207,57,2.82999999999991,2.82999999999991,0.1466192376761173
133,960755,True,success,0.008580160147529318,47,2.321999999999966,2.321999999999966,0.09420852267605162
134,960756,True,success,0.008494091929350127,41,2.0179999999999993,2.0179999999999993,0.06646231989091042
135,960757,True,success,0.007256164895913687,52,2.5539999999999403,2.5539999999999403,0.11159652987233913
136,960758,True,success,0.009505735542488292,55,2.729999999999921,2.729999999999921,0.1260948744083671
137,960759,True,success,0.006198470541640048,42,2.067999999999994,2.067999999999994,0.07432699413221677
138,960760,True,success,0.018283294165261914,53,2.611999999999934,2.611999999999934,0.11875811100672415
139,960761,True,success,0.00929670808886458,62,3.0779999999998826,3.0779999999998826,0.16650970578835167
140,960762,True,success,0.008913661009487815,57,2.819999999999911,2.819999999999911,0.12235791091606642
141,960763,False,high_contact,0.09552368003362757,22,1.0940000000000007,,2.118611357090855e-05
142,960764,True,success,0.008259520620591597,44,2.1699999999999826,2.1699999999999826,0.09715155271754797
143,960765,True,success,0.008586001498654905,47,2.327999999999965,2.327999999999965,0.08125645091242605
144,960766,True,success,0.013643716471808679,49,2.4499999999999518,2.4499999999999518,0.09221358693476496
145,960767,True,success,0.008343341880553353,53,2.6339999999999315,2.6339999999999315,0.12803827630725928
146,960768,True,success,0.006885756811498302,53,2.6259999999999324,2.6259999999999324,0.1110618478236274
147,960769,True,success,0.001009448082579029,40,1.9840000000000015,1.9840000000000015,0.06806945351191487
148,960770,True,success,0.008184865213330427,55,2.7319999999999207,2.7319999999999207,0.12286627138379336
149,960771,True,success,0.010376190385884583,45,2.2459999999999742,2.2459999999999742,0.0860820226984831
150,960772,True,success,0.007768140189434007,57,2.819999999999911,2.819999999999911,0.12823225867370813
151,960773,True,success,0.008989765030574585,70,3.46399999999984,3.46399999999984,0.1605658366598802
152,960774,True,success,0.011794305198741955,44,2.19199999999998,2.19199999999998,0.10106356800683865
153,960775,True,success,0.012762676666702286,114,5.693999999999595,5.693999999999595,0.19219772532143387
154,960776,True,success,0.008292517842309586,53,2.6439999999999304,2.6439999999999304,0.1473137696678038
155,960777,True,success,0.0033454505668887263,46,2.2599999999999727,2.2599999999999727,0.10213505927835405
156,960778,True,success,0.007203310004590286,53,2.609999999999934,2.609999999999934,0.1316338458772142
157,960779,False,high_contact,0.06642606487066276,23,1.1140000000000008,,2.5006854054383788e-05
158,960780,True,success,0.004848919567294339,51,2.527999999999943,2.527999999999943,0.11702216795168599
159,960781,True,success,0.006365633439673918,49,2.437999999999953,2.437999999999953,0.11128360158845528
160,960782,True,success,0.004374591652190718,42,2.065999999999994,2.065999999999994,0.08465308276213052
161,960783,True,success,0.01048796406568826,49,2.421999999999955,2.421999999999955,0.06466996806194932
162,960784,True,success,0.008716564831893607,52,2.5819999999999372,2.5819999999999372,0.13423527113274872
163,960785,True,success,0.01166253416889234,46,2.28599999999997,2.28599999999997,0.07745419487046203
164,960786,True,success,0.011799558812264655,49,2.4079999999999564,2.4079999999999564,0.09984389231397715
165,960787,True,success,0.011953633095919337,44,2.1539999999999844,2.1539999999999844,0.08123416715349885
166,960788,True,success,0.0033379367540927133,81,4.033999999999778,4.033999999999778,0.1917924769808254
167,960789,True,success,0.01788804000781581,59,2.9159999999999004,2.9159999999999004,0.11939370240876733
168,960790,True,success,0.011185002633845465,51,2.521999999999944,2.521999999999944,0.09386575209974538
169,960791,True,success,0.0069787065287534745,59,2.9159999999999004,2.9159999999999004,0.14608033704169074
170,960792,True,success,0.011360833449220578,48,2.37599999999996,2.37599999999996,0.11683540862086651
171,960793,True,success,0.004266717797288734,40,1.9800000000000015,1.9800000000000015,0.060435809107791935
172,960794,False,high_contact,0.11164367527944258,22,1.0940000000000007,,3.0007301676122433e-05
173,960795,True,success,0.004391097754814819,60,2.999999999999891,2.999999999999891,0.17308457169675207
174,960796,True,success,0.004930683628692918,51,2.521999999999944,2.521999999999944,0.1377456627786997
175,960797,True,success,0.009809603789075347,58,2.899999999999902,2.899999999999902,0.1567540943421407
176,960798,True,success,0.009244190254697979,62,3.065999999999884,3.065999999999884,0.16716049524048798
177,960799,True,success,0.002445399240683457,42,2.0539999999999954,2.0539999999999954,0.081535306009204
178,960800,True,success,0.00856086849525912,60,2.9959999999998916,2.9959999999998916,0.12220386600395446
179,960801,True,success,0.0175425475571643,202,10.058000000000028,10.058000000000028,0.3114828190934964
180,960802,True,success,0.005540120658025448,54,2.6959999999999247,2.6959999999999247,0.10108904293688589
181,960803,True,success,0.012726939821442728,47,2.339999999999964,2.339999999999964,0.09309528322026733
182,960804,True,success,0.004068629524397096,45,2.2359999999999753,2.2359999999999753,0.07974141725389397
183,960805,True,success,0.007373111457005228,57,2.819999999999911,2.819999999999911,0.14648316840070238
184,960806,False,high_contact,0.08746176230459782,21,1.0220000000000007,,3.1175607911664786e-05
185,960807,True,success,0.013904712180757978,39,1.9480000000000015,1.9480000000000015,0.05622525563876896
186,960808,True,success,0.011456553039650381,71,3.5439999999998313,3.5439999999998313,0.17882042840221526
187,960809,True,success,0.007618034606980348,53,2.6239999999999326,2.6239999999999326,0.12307173884909674
188,960810,True,success,0.004167087498925339,41,2.0279999999999982,2.0279999999999982,0.0828280664126223
189,960811,False,high_contact,0.0745068435418667,23,1.1040000000000008,,0.00010983448799449833
190,960812,True,success,0.010638334898409037,49,2.4179999999999553,2.4179999999999553,0.11257880618631436
191,960813,True,success,0.01173531991741953,59,2.9419999999998976,2.9419999999998976,0.08157294383606499
192,960814,True,success,0.007197003462319748,44,2.1639999999999833,2.1639999999999833,0.07166463377059298
193,960815,True,success,0.004531264767428794,40,1.9900000000000015,1.9900000000000015,0.06819245519654073
194,960816,True,success,0.004707714090115494,63,3.129999999999877,3.129999999999877,0.1213668197204926
195,960817,True,success,0.010744474043499186,50,2.493999999999947,2.493999999999947,0.10588084902835902
196,960818,True,success,0.00031554549516355667,63,3.147999999999875,3.147999999999875,0.19820875116009953
197,960819,True,success,0.009192990324481886,43,2.1139999999999888,2.1139999999999888,0.05743205092854869
198,960820,True,success,0.00863883668741888,51,2.539999999999942,2.539999999999942,0.11184926927029427
199,960821,True,success,0.008669408880666706,62,3.0719999999998833,3.0719999999998833,0.11417319819053647
200,960822,True,success,0.002008196227577447,49,2.4339999999999535,2.4339999999999535,0.1027495501437442
